<?xml version="1.0" encoding="UTF-8"?>
<project-private xmlns="http://www.netbeans.org/ns/project-private/1">
    <editor-bookmarks xmlns="http://www.netbeans.org/ns/editor-bookmarks/2" lastBookmarkId="0"/>
    <open-files xmlns="http://www.netbeans.org/ns/projectui-open-files/2">
        <group>
            <file>file:/C:/Users/sebas/OneDrive/Documentos/NetBeansProjects/ED1-Cap4_MonomioReal/src/ed1/cap4_monomioreal/ED1Cap4_MonomioReal.java</file>
            <file>file:/C:/Users/sebas/OneDrive/Documentos/NetBeansProjects/ED1-Cap4_MonomioReal/src/Negocio/VectorNbits1.java</file>
            <file>file:/C:/Users/sebas/OneDrive/Documentos/NetBeansProjects/ED1-Cap4_MonomioReal/src/Negocio/MonomioRealBits.java</file>
            <file>file:/C:/Users/sebas/OneDrive/Documentos/NetBeansProjects/ED1-Cap4_MonomioReal/src/Negocio/FraccionBits.java</file>
        </group>
    </open-files>
</project-private>
